{
    "__comment": "Made with TheDestruc7i0n's advancements generator: https://advancements.thedestruc7i0n.ca",
    "display": {
        "title": {
            "text": "Toasted marshmallow"
        },
        "description": {
            "text": "Take down a ghast with a trident!"
        },
        "icon": {
            "item": "minecraft:snow_block"
        },
        "frame": "challenge",
        "show_toast": true,
        "announce_to_chat": true,
        "hidden": false
    },
    "requirements": [
        [
            "ghast kill"
        ]
    ],
    "rewards": {
        "experience": 80
    },
    "criteria": {
        "ghast kill": {
            "trigger": "minecraft:player_killed_entity",
            "conditions": {
                "entity": {
                    "type": "minecraft:ghast"
                },
                "killing_blow": {
                    "direct_entity": {
                        "type": "minecraft:trident"
                    },
                    "source_entity": {
                        "type": "minecraft:player"
                    }
                }
            }
        }
    },
    "parent": "more_advancements:adventure_root"
}