{
    "__comment": "Made with TheDestruc7i0n's advancements generator: https://advancements.thedestruc7i0n.ca",
    "display": {
        "title": {
            "text": "Hatred",
            "color": "red",
            "italic": true,
            "underlined": false,
            "strikethrough": false,
            "obfuscated": false
        },
        "description": {
            "text": "Straight up punch a chicken to death"
        },
        "icon": {
            "item": "minecraft:chicken"
        },
        "frame": "goal",
        "show_toast": true,
        "announce_to_chat": true,
        "hidden": false
    },
    "requirements": [
        [
            "chicken murder"
        ]
    ],
    "rewards": {
        "experience": 16
    },
    "criteria": {
        "chicken murder": {
            "trigger": "minecraft:player_killed_entity",
            "conditions": {
                "entity": {
                    "type": "minecraft:chicken"
                },
                "killing_blow": {
                    "direct_entity": {
                        "type": "minecraft:player",
                        "equipment": {
                            "mainhand": {
                                "item": "minecraft:air"
                            },
                            "offhand": {
                                "item": "minecraft:air"
                            }
                        }
                    }
                }
            }
        }
    },
    "parent": "more_advancements:adventure_root"
}