{
    "__comment": "Made with TheDestruc7i0n's advancements generator: https://advancements.thedestruc7i0n.ca",
    "display": {
        "title": {
            "text": "Persuasion",
            "obfuscated": true
        },
        "description": {
            "text": "He must be tempted with cake",
            "color": "blue",
            "obfuscated": true
        },
        "icon": {
            "item": "minecraft:structure_void"
        },
        "frame": "goal",
        "show_toast": true,
        "announce_to_chat": true,
        "hidden": false
    },
    "requirements": [
        [
            "persuasion"
        ]
    ],
    "criteria": {
        "persuasion": {
            "trigger": "minecraft:impossible"
        }
    },
    "parent": "more_advancements:adventure_root"
}