{
    "__comment": "Made with TheDestruc7i0n's advancements generator: https://advancements.thedestruc7i0n.ca",
    "display": {
        "title": {
            "text": "Sniper"
        },
        "description": {
            "text": "Kill another player with a crossbow while invisible, just try not to make an enemy though"
        },
        "icon": {
            "item": "minecraft:crossbow"
        },
        "frame": "challenge",
        "show_toast": true,
        "announce_to_chat": true,
        "hidden": false
    },
    "requirements": [
        [
            "stealth kill"
        ]
    ],
    "rewards": {
        "experience": 8
    },
    "criteria": {
        "stealth kill": {
            "trigger": "minecraft:player_killed_entity",
            "conditions": {
                "entity": {
                    "type": "minecraft:player"
                },
                "killing_blow": {
                    "direct_entity": {
                        "type": "minecraft:player",
                        "flags": {
                            "is_sneaking": false
                        },
                        "equipment": {
                            "mainhand": {
                                "item": "minecraft:crossbow"
                            }
                        }
                    }
                }
            }
        }
    },
    "parent": "more_advancements:adventure_root"
}