{
    "__comment": "Made with TheDestruc7i0n's advancements generator: https://advancements.thedestruc7i0n.ca",
    "display": {
        "title": {
            "text": "Harder than it looks"
        },
        "description": {
            "text": "Kill the Ender dragon with a tipped arrow of invisibility"
        },
        "icon": {
            "item": "minecraft:dragon_head",
            "data": 0
        },
        "frame": "challenge",
        "show_toast": true,
        "announce_to_chat": true,
        "hidden": false
    },
    "requirements": [
        [
            "kill dragon"
        ]
    ],
    "rewards": {
        "experience": 800
    },
    "criteria": {
        "kill dragon": {
            "trigger": "minecraft:player_killed_entity",
            "conditions": {
                "entity": {
                    "type": "minecraft:ender_dragon"
                },
                "killing_blow": {
                    "direct_entity": {
                        "type": "minecraft:player"
                    },
                    "source_entity": {
                        "type": "minecraft:arrow"
                    }
                }
            }
        }
    },
    "parent": "more_advancements:adventure_root"
}