{
    "__comment": "Made with TheDestruc7i0n's advancements generator: https://advancements.thedestruc7i0n.ca",
    "display": {
        "title": {
            "text": "New horizons"
        },
        "description": {
            "text": "Populate the end with a villager "
        },
        "icon": {
            "item": "minecraft:purpur_pillar"
        },
        "frame": "challenge",
        "show_toast": true,
        "announce_to_chat": true,
        "hidden": false
    },
    "requirements": [
        [
            "interaction"
        ]
    ],
    "rewards": {
        "experience": 32
    },
    "criteria": {
        "interaction": {
            "trigger": "minecraft:player_interacted_with_entity",
            "conditions": {
                "entity": {
                    "type": "minecraft:villager",
                    "location": {
                        "dimension": "the_end"
                    }
                }
            }
        }
    },
    "parent": "more_advancements:adventure_root"
}