{
    "__comment": "Made with TheDestruc7i0n's advancements generator: https://advancements.thedestruc7i0n.ca",
    "display": {
        "title": {
            "text": "How did you even do that?"
        },
        "description": {
            "text": "kill an enderman in an ocean biome"
        },
        "icon": {
            "item": "minecraft:ender_pearl"
        },
        "frame": "challenge",
        "show_toast": true,
        "announce_to_chat": true,
        "hidden": false
    },
    "criteria": {
        "ocean": {
            "trigger": "minecraft:player_killed_entity",
            "conditions": {
                "entity": {
                    "type": "minecraft:enderman",
                    "location": {
                        "biome": "minecraft:ocean"
                    }
                }
            }
        },
        "deep ocean": {
            "trigger": "minecraft:player_killed_entity",
            "conditions": {
                "entity": {
                    "type": "minecraft:enderman",
                    "location": {
                        "biome": "minecraft:deep_ocean"
                    }
                }
            }
        },
        "warm ocean": {
            "trigger": "minecraft:player_killed_entity",
            "conditions": {
                "entity": {
                    "type": "minecraft:enderman",
                    "location": {
                        "biome": "minecraft:warm_ocean"
                    }
                }
            }
        },
        "deep warm ocean": {
            "trigger": "minecraft:player_killed_entity",
            "conditions": {
                "entity": {
                    "type": "minecraft:enderman",
                    "location": {
                        "biome": "minecraft:deep_warm_ocean"
                    }
                }
            }
        },
        "lukewarm ocean": {
            "trigger": "minecraft:player_killed_entity",
            "conditions": {
                "entity": {
                    "type": "minecraft:enderman",
                    "location": {
                        "biome": "minecraft:lukewarm_ocean"
                    }
                }
            }
        },
        "deep lukewarm ocean": {
            "trigger": "minecraft:player_killed_entity",
            "conditions": {
                "entity": {
                    "type": "minecraft:enderman",
                    "location": {
                        "biome": "minecraft:deep_lukewarm_ocean"
                    }
                }
            }
        },
        "cold ocean": {
            "trigger": "minecraft:player_killed_entity",
            "conditions": {
                "entity": {
                    "type": "minecraft:enderman",
                    "location": {
                        "biome": "minecraft:cold_ocean"
                    }
                }
            }
        },
        "deep cold ocean": {
            "trigger": "minecraft:player_killed_entity",
            "conditions": {
                "entity": {
                    "type": "minecraft:enderman",
                    "location": {
                        "biome": "minecraft:deep_cold_ocean"
                    }
                }
            }
        },
        "frozen ocean": {
            "trigger": "minecraft:player_killed_entity",
            "conditions": {
                "entity": {
                    "type": "minecraft:enderman",
                    "location": {
                        "biome": "minecraft:frozen_ocean"
                    }
                }
            }
        },
        "deep frozen ocean": {
            "trigger": "minecraft:player_killed_entity",
            "conditions": {
                "entity": {
                    "type": "minecraft:enderman",
                    "location": {
                        "biome": "minecraft:deep_frozen_ocean"
                    }
                }
            }
        }
    },
    "requirements": [
        [
            "ocean",
            "deep ocean",
            "warm ocean",
            "deep warm ocean",
            "lukewarm ocean",
            "deep lukewarm ocean",
            "cold ocean",
            "deep cold ocean",
            "frozen ocean",
            "deep frozen ocean"
        ]
    ],
    "parent": "more_advancements:adventure_root"
}