{
    "__comment": "Made with TheDestruc7i0n's advancements generator: https://advancements.thedestruc7i0n.ca",
    "display": {
        "title": {
            "text": "Cinnabon "
        },
        "description": {
            "text": "Have every netherite tool & armor possible"
        },
        "icon": {
            "item": "minecraft:netherite_ingot"
        },
        "frame": "challenge",
        "show_toast": true,
        "announce_to_chat": true,
        "hidden": false
    },
    "requirements": [
        [
            "helmet"
        ],
        [
            "chestplate"
        ],
        [
            "leggings"
        ],
        [
            "boots"
        ],
        [
            "picaxe"
        ],
        [
            "sword"
        ],
        [
            "shovel"
        ],
        [
            "axe"
        ],
        [
            "hoe"
        ]
    ],
    "criteria": {
        "helmet": {
            "trigger": "minecraft:inventory_changed",
            "conditions": {
                "items": [
                    {
                        "item": "minecraft:netherite_helmet"
                    }
                ]
            }
        },
        "chestplate": {
            "trigger": "minecraft:inventory_changed",
            "conditions": {
                "items": [
                    {
                        "item": "minecraft:netherite_chestplate"
                    }
                ]
            }
        },
        "leggings": {
            "trigger": "minecraft:inventory_changed",
            "conditions": {
                "items": [
                    {
                        "item": "minecraft:netherite_leggings"
                    }
                ]
            }
        },
        "boots": {
            "trigger": "minecraft:inventory_changed",
            "conditions": {
                "items": [
                    {
                        "item": "minecraft:netherite_boots"
                    }
                ]
            }
        },
        "picaxe": {
            "trigger": "minecraft:inventory_changed",
            "conditions": {
                "items": [
                    {
                        "item": "minecraft:netherite_pickaxe"
                    }
                ]
            }
        },
        "sword": {
            "trigger": "minecraft:inventory_changed",
            "conditions": {
                "items": [
                    {
                        "item": "minecraft:netherite_sword"
                    }
                ]
            }
        },
        "shovel": {
            "trigger": "minecraft:inventory_changed",
            "conditions": {
                "items": [
                    {
                        "item": "minecraft:netherite_shovel"
                    }
                ]
            }
        },
        "axe": {
            "trigger": "minecraft:inventory_changed",
            "conditions": {
                "items": [
                    {
                        "item": "minecraft:netherite_axe"
                    }
                ]
            }
        },
        "hoe": {
            "trigger": "minecraft:inventory_changed",
            "conditions": {
                "items": [
                    {
                        "item": "minecraft:netherite_hoe"
                    }
                ]
            }
        }
    },
    "parent": "more_advancements:adventure_root"
}