{
    "__comment": "Made with TheDestruc7i0n's advancements generator: https://advancements.thedestruc7i0n.ca",
    "display": {
        "title": {
            "text": "Null"
        },
        "description": {
            "text": "Null"
        },
        "icon": {
            "item": "minecraft:barrier"
        },
        "frame": "task",
        "show_toast": true,
        "announce_to_chat": true,
        "hidden": false
    },
    "criteria": {
        "null": {
            "trigger": "minecraft:impossible"
        }
    },
    "requirements": [
        [
            "null"
        ]
    ],
    "parent": "more_advancements:adventure_root"
}
