{
    "__comment": "Made with TheDestruc7i0n's advancements generator: https://advancements.thedestruc7i0n.ca",
    "display": {
        "title": {
            "text": "More advancements"
        },
        "description": {
            "text": "I mean, didn't i already describe it pretty well?"
        },
        "icon": {
            "item": "minecraft:diamond"
        },
        "frame": "task",
        "show_toast": false,
        "announce_to_chat": false,
        "hidden": false,
        "background": "minecraft:textures/gui/advancements/backgrounds/stone.png"
    },
    "requirements": [
        [
            "exist"
        ]
    ],
    "criteria": {
        "exist": {
            "trigger": "minecraft:enter_block",
            "conditions": {
                "block": "minecraft:air"
            }
        }
    }
}