{
    "display": {
        "icon": {
            "item": "minecraft:diamond_pickaxe",
            "nbt": "{Damage:1539,Enchantments:[{id:\"minecraft:unbreaking\",lvl:3}]}"
        },
        "title": {
            "text": "Durability Ping",
            "color": "white",
            "bold": false,
            "italic": false
        },
        "description": {
            "text": "Pings the player when their held tool's durability is below 2%.",
            "color": "green",
            "bold": false,
            "italic": true
        },
        "show_toast": false,
        "announce_to_chat": false,
        "frame": "goal"
    },
    "parent": "main:main/root",
    "criteria": {
        "tick": {
            "trigger": "minecraft:tick"
        }
    }
}